Issue ID,Description,State,Severity,Story Points,Project Path,Location Kind,Path,Line,Column,Incident ID,Help Link,Assembly Name,Assembly Version,Assembly Public Key,Snippet
Project.0002,Project's target framework(s) needs to be changed,Active,Mandatory,1,LerXML3040BancoCentral\LerXML3040BancoCentral.csproj,File,LerXML3040BancoCentral\LerXML3040BancoCentral.csproj,,,,,,,,Current target framework: net9.0-windows Recommended target framework: net10.0-windows
Api.0001,Binary incompatible for selected .NET version,Active,Mandatory,1,LerXML3040BancoCentral\LerXML3040BancoCentral.csproj,File,LerXML3040BancoCentral\obj\Debug\net9.0-windows\System.Windows.Forms.Analyzers.CSharp\System.Windows.Forms.CSharp.Generators.ApplicationConfiguration.ApplicationConfigurationGenerator\ApplicationConfiguration.g.cs,26,12,T:System.Windows.Forms.HighDpiMode,,,,,global::System.Windows.Forms.Application.SetHighDpiMode(HighDpiMode.SystemAware);
Api.0001,Binary incompatible for selected .NET version,Active,Mandatory,1,LerXML3040BancoCentral\LerXML3040BancoCentral.csproj,File,LerXML3040BancoCentral\obj\Debug\net9.0-windows\System.Windows.Forms.Analyzers.CSharp\System.Windows.Forms.CSharp.Generators.ApplicationConfiguration.ApplicationConfigurationGenerator\ApplicationConfiguration.g.cs,26,12,T:System.Windows.Forms.HighDpiMode,,,,,global::System.Windows.Forms.Application.SetHighDpiMode(HighDpiMode.SystemAware);
Api.0001,Binary incompatible for selected .NET version,Active,Mandatory,1,LerXML3040BancoCentral\LerXML3040BancoCentral.csproj,File,LerXML3040BancoCentral\obj\Debug\net9.0-windows\System.Windows.Forms.Analyzers.CSharp\System.Windows.Forms.CSharp.Generators.ApplicationConfiguration.ApplicationConfigurationGenerator\ApplicationConfiguration.g.cs,26,12,F:System.Windows.Forms.HighDpiMode.SystemAware,,,,,global::System.Windows.Forms.Application.SetHighDpiMode(HighDpiMode.SystemAware);
Api.0001,Binary incompatible for selected .NET version,Active,Mandatory,1,LerXML3040BancoCentral\LerXML3040BancoCentral.csproj,File,LerXML3040BancoCentral\obj\Debug\net9.0-windows\System.Windows.Forms.Analyzers.CSharp\System.Windows.Forms.CSharp.Generators.ApplicationConfiguration.ApplicationConfigurationGenerator\ApplicationConfiguration.g.cs,26,12,T:System.Windows.Forms.Application,,,,,global::System.Windows.Forms.Application.SetHighDpiMode(HighDpiMode.SystemAware);
Api.0001,Binary incompatible for selected .NET version,Active,Mandatory,1,LerXML3040BancoCentral\LerXML3040BancoCentral.csproj,File,LerXML3040BancoCentral\obj\Debug\net9.0-windows\System.Windows.Forms.Analyzers.CSharp\System.Windows.Forms.CSharp.Generators.ApplicationConfiguration.ApplicationConfigurationGenerator\ApplicationConfiguration.g.cs,26,12,M:System.Windows.Forms.Application.SetHighDpiMode(System.Windows.Forms.HighDpiMode),,,,,global::System.Windows.Forms.Application.SetHighDpiMode(HighDpiMode.SystemAware);
Api.0001,Binary incompatible for selected .NET version,Active,Mandatory,1,LerXML3040BancoCentral\LerXML3040BancoCentral.csproj,File,LerXML3040BancoCentral\obj\Debug\net9.0-windows\System.Windows.Forms.Analyzers.CSharp\System.Windows.Forms.CSharp.Generators.ApplicationConfiguration.ApplicationConfigurationGenerator\ApplicationConfiguration.g.cs,25,12,T:System.Windows.Forms.Application,,,,,global::System.Windows.Forms.Application.SetCompatibleTextRenderingDefault(false);
Api.0001,Binary incompatible for selected .NET version,Active,Mandatory,1,LerXML3040BancoCentral\LerXML3040BancoCentral.csproj,File,LerXML3040BancoCentral\obj\Debug\net9.0-windows\System.Windows.Forms.Analyzers.CSharp\System.Windows.Forms.CSharp.Generators.ApplicationConfiguration.ApplicationConfigurationGenerator\ApplicationConfiguration.g.cs,25,12,M:System.Windows.Forms.Application.SetCompatibleTextRenderingDefault(System.Boolean),,,,,global::System.Windows.Forms.Application.SetCompatibleTextRenderingDefault(false);
Api.0001,Binary incompatible for selected .NET version,Active,Mandatory,1,LerXML3040BancoCentral\LerXML3040BancoCentral.csproj,File,LerXML3040BancoCentral\obj\Debug\net9.0-windows\System.Windows.Forms.Analyzers.CSharp\System.Windows.Forms.CSharp.Generators.ApplicationConfiguration.ApplicationConfigurationGenerator\ApplicationConfiguration.g.cs,24,12,T:System.Windows.Forms.Application,,,,,global::System.Windows.Forms.Application.EnableVisualStyles();
Api.0001,Binary incompatible for selected .NET version,Active,Mandatory,1,LerXML3040BancoCentral\LerXML3040BancoCentral.csproj,File,LerXML3040BancoCentral\obj\Debug\net9.0-windows\System.Windows.Forms.Analyzers.CSharp\System.Windows.Forms.CSharp.Generators.ApplicationConfiguration.ApplicationConfigurationGenerator\ApplicationConfiguration.g.cs,24,12,M:System.Windows.Forms.Application.EnableVisualStyles,,,,,global::System.Windows.Forms.Application.EnableVisualStyles();
Api.0001,Binary incompatible for selected .NET version,Active,Mandatory,1,LerXML3040BancoCentral\LerXML3040BancoCentral.csproj,File,LerXML3040BancoCentral\Program.cs,13,12,T:System.Windows.Forms.Application,,,,,Application.Run(new Form1());
Api.0001,Binary incompatible for selected .NET version,Active,Mandatory,1,LerXML3040BancoCentral\LerXML3040BancoCentral.csproj,File,LerXML3040BancoCentral\Program.cs,13,12,M:System.Windows.Forms.Application.Run(System.Windows.Forms.Form),,,,,Application.Run(new Form1());
Api.0001,Binary incompatible for selected .NET version,Active,Mandatory,1,LerXML3040BancoCentral\LerXML3040BancoCentral.csproj,File,LerXML3040BancoCentral\Form1.Designer.cs,108,25,T:System.Windows.Forms.CheckBox,,,,,checkBox1
Api.0001,Binary incompatible for selected .NET version,Active,Mandatory,1,LerXML3040BancoCentral\LerXML3040BancoCentral.csproj,File,LerXML3040BancoCentral\Form1.Designer.cs,107,23,T:System.Windows.Forms.Button,,,,,button1
Api.0001,Binary incompatible for selected .NET version,Active,Mandatory,1,LerXML3040BancoCentral\LerXML3040BancoCentral.csproj,File,LerXML3040BancoCentral\Form1.Designer.cs,106,24,T:System.Windows.Forms.TextBox,,,,,textBox1
Api.0001,Binary incompatible for selected .NET version,Active,Mandatory,1,LerXML3040BancoCentral\LerXML3040BancoCentral.csproj,File,LerXML3040BancoCentral\Form1.Designer.cs,105,31,T:System.Windows.Forms.OpenFileDialog,,,,,openFileDialog2
Api.0001,Binary incompatible for selected .NET version,Active,Mandatory,1,LerXML3040BancoCentral\LerXML3040BancoCentral.csproj,File,LerXML3040BancoCentral\Form1.Designer.cs,104,22,T:System.Windows.Forms.Label,,,,,label1
Api.0001,Binary incompatible for selected .NET version,Active,Mandatory,1,LerXML3040BancoCentral\LerXML3040BancoCentral.csproj,File,LerXML3040BancoCentral\Form1.Designer.cs,103,31,T:System.Windows.Forms.OpenFileDialog,,,,,openFileDialog1
Api.0001,Binary incompatible for selected .NET version,Active,Mandatory,1,LerXML3040BancoCentral\LerXML3040BancoCentral.csproj,File,LerXML3040BancoCentral\Form1.Designer.cs,98,12,M:System.Windows.Forms.Control.PerformLayout,,,,,PerformLayout();
Api.0001,Binary incompatible for selected .NET version,Active,Mandatory,1,LerXML3040BancoCentral\LerXML3040BancoCentral.csproj,File,LerXML3040BancoCentral\Form1.Designer.cs,97,12,M:System.Windows.Forms.Control.ResumeLayout(System.Boolean),,,,,ResumeLayout(false);
Api.0001,Binary incompatible for selected .NET version,Active,Mandatory,1,LerXML3040BancoCentral\LerXML3040BancoCentral.csproj,File,LerXML3040BancoCentral\Form1.Designer.cs,96,12,P:System.Windows.Forms.Form.Text,,,,,"Text = ""4966 - Ajuste de XML"";"
Api.0001,Binary incompatible for selected .NET version,Active,Mandatory,1,LerXML3040BancoCentral\LerXML3040BancoCentral.csproj,File,LerXML3040BancoCentral\Form1.Designer.cs,95,12,P:System.Windows.Forms.Control.Name,,,,,"Name = ""Form1"";"
Api.0001,Binary incompatible for selected .NET version,Active,Mandatory,1,LerXML3040BancoCentral\LerXML3040BancoCentral.csproj,File,LerXML3040BancoCentral\Form1.Designer.cs,94,12,T:System.Windows.Forms.Padding,,,,,Margin = new Padding(6);
Api.0001,Binary incompatible for selected .NET version,Active,Mandatory,1,LerXML3040BancoCentral\LerXML3040BancoCentral.csproj,File,LerXML3040BancoCentral\Form1.Designer.cs,94,12,M:System.Windows.Forms.Padding.#ctor(System.Int32),,,,,Margin = new Padding(6);
Api.0001,Binary incompatible for selected .NET version,Active,Mandatory,1,LerXML3040BancoCentral\LerXML3040BancoCentral.csproj,File,LerXML3040BancoCentral\Form1.Designer.cs,94,12,T:System.Windows.Forms.Padding,,,,,Margin = new Padding(6);
Api.0001,Binary incompatible for selected .NET version,Active,Mandatory,1,LerXML3040BancoCentral\LerXML3040BancoCentral.csproj,File,LerXML3040BancoCentral\Form1.Designer.cs,94,12,P:System.Windows.Forms.Form.Margin,,,,,Margin = new Padding(6);
Api.0001,Binary incompatible for selected .NET version,Active,Mandatory,1,LerXML3040BancoCentral\LerXML3040BancoCentral.csproj,File,LerXML3040BancoCentral\Form1.Designer.cs,93,12,T:System.Windows.Forms.Label,,,,,Controls.Add(label1);
Api.0001,Binary incompatible for selected .NET version,Active,Mandatory,1,LerXML3040BancoCentral\LerXML3040BancoCentral.csproj,File,LerXML3040BancoCentral\Form1.Designer.cs,93,12,T:System.Windows.Forms.Control.ControlCollection,,,,,Controls.Add(label1);
Api.0001,Binary incompatible for selected .NET version,Active,Mandatory,1,LerXML3040BancoCentral\LerXML3040BancoCentral.csproj,File,LerXML3040BancoCentral\Form1.Designer.cs,93,12,P:System.Windows.Forms.Control.Controls,,,,,Controls.Add(label1);
Api.0001,Binary incompatible for selected .NET version,Active,Mandatory,1,LerXML3040BancoCentral\LerXML3040BancoCentral.csproj,File,LerXML3040BancoCentral\Form1.Designer.cs,93,12,M:System.Windows.Forms.Control.ControlCollection.Add(System.Windows.Forms.Control),,,,,Controls.Add(label1);
Api.0001,Binary incompatible for selected .NET version,Active,Mandatory,1,LerXML3040BancoCentral\LerXML3040BancoCentral.csproj,File,LerXML3040BancoCentral\Form1.Designer.cs,92,12,T:System.Windows.Forms.TextBox,,,,,Controls.Add(textBox1);
Api.0001,Binary incompatible for selected .NET version,Active,Mandatory,1,LerXML3040BancoCentral\LerXML3040BancoCentral.csproj,File,LerXML3040BancoCentral\Form1.Designer.cs,92,12,T:System.Windows.Forms.Control.ControlCollection,,,,,Controls.Add(textBox1);
Api.0001,Binary incompatible for selected .NET version,Active,Mandatory,1,LerXML3040BancoCentral\LerXML3040BancoCentral.csproj,File,LerXML3040BancoCentral\Form1.Designer.cs,92,12,P:System.Windows.Forms.Control.Controls,,,,,Controls.Add(textBox1);
Api.0001,Binary incompatible for selected .NET version,Active,Mandatory,1,LerXML3040BancoCentral\LerXML3040BancoCentral.csproj,File,LerXML3040BancoCentral\Form1.Designer.cs,92,12,M:System.Windows.Forms.Control.ControlCollection.Add(System.Windows.Forms.Control),,,,,Controls.Add(textBox1);
Api.0001,Binary incompatible for selected .NET version,Active,Mandatory,1,LerXML3040BancoCentral\LerXML3040BancoCentral.csproj,File,LerXML3040BancoCentral\Form1.Designer.cs,91,12,T:System.Windows.Forms.Button,,,,,Controls.Add(button1);
Api.0001,Binary incompatible for selected .NET version,Active,Mandatory,1,LerXML3040BancoCentral\LerXML3040BancoCentral.csproj,File,LerXML3040BancoCentral\Form1.Designer.cs,91,12,T:System.Windows.Forms.Control.ControlCollection,,,,,Controls.Add(button1);
Api.0001,Binary incompatible for selected .NET version,Active,Mandatory,1,LerXML3040BancoCentral\LerXML3040BancoCentral.csproj,File,LerXML3040BancoCentral\Form1.Designer.cs,91,12,P:System.Windows.Forms.Control.Controls,,,,,Controls.Add(button1);
Api.0001,Binary incompatible for selected .NET version,Active,Mandatory,1,LerXML3040BancoCentral\LerXML3040BancoCentral.csproj,File,LerXML3040BancoCentral\Form1.Designer.cs,91,12,M:System.Windows.Forms.Control.ControlCollection.Add(System.Windows.Forms.Control),,,,,Controls.Add(button1);
Api.0001,Binary incompatible for selected .NET version,Active,Mandatory,1,LerXML3040BancoCentral\LerXML3040BancoCentral.csproj,File,LerXML3040BancoCentral\Form1.Designer.cs,90,12,T:System.Windows.Forms.CheckBox,,,,,Controls.Add(checkBox1);
Api.0001,Binary incompatible for selected .NET version,Active,Mandatory,1,LerXML3040BancoCentral\LerXML3040BancoCentral.csproj,File,LerXML3040BancoCentral\Form1.Designer.cs,90,12,T:System.Windows.Forms.Control.ControlCollection,,,,,Controls.Add(checkBox1);
Api.0001,Binary incompatible for selected .NET version,Active,Mandatory,1,LerXML3040BancoCentral\LerXML3040BancoCentral.csproj,File,LerXML3040BancoCentral\Form1.Designer.cs,90,12,P:System.Windows.Forms.Control.Controls,,,,,Controls.Add(checkBox1);
Api.0001,Binary incompatible for selected .NET version,Active,Mandatory,1,LerXML3040BancoCentral\LerXML3040BancoCentral.csproj,File,LerXML3040BancoCentral\Form1.Designer.cs,90,12,M:System.Windows.Forms.Control.ControlCollection.Add(System.Windows.Forms.Control),,,,,Controls.Add(checkBox1);
Api.0001,Binary incompatible for selected .NET version,Active,Mandatory,1,LerXML3040BancoCentral\LerXML3040BancoCentral.csproj,File,LerXML3040BancoCentral\Form1.Designer.cs,89,12,P:System.Windows.Forms.Form.ClientSize,,,,,"ClientSize = new Size(1600, 864);"
Api.0001,Binary incompatible for selected .NET version,Active,Mandatory,1,LerXML3040BancoCentral\LerXML3040BancoCentral.csproj,File,LerXML3040BancoCentral\Form1.Designer.cs,88,12,T:System.Windows.Forms.AutoScaleMode,,,,,AutoScaleMode = AutoScaleMode.Font;
Api.0001,Binary incompatible for selected .NET version,Active,Mandatory,1,LerXML3040BancoCentral\LerXML3040BancoCentral.csproj,File,LerXML3040BancoCentral\Form1.Designer.cs,88,12,T:System.Windows.Forms.AutoScaleMode,,,,,AutoScaleMode = AutoScaleMode.Font;
Api.0001,Binary incompatible for selected .NET version,Active,Mandatory,1,LerXML3040BancoCentral\LerXML3040BancoCentral.csproj,File,LerXML3040BancoCentral\Form1.Designer.cs,88,12,F:System.Windows.Forms.AutoScaleMode.Font,,,,,AutoScaleMode = AutoScaleMode.Font;
Api.0001,Binary incompatible for selected .NET version,Active,Mandatory,1,LerXML3040BancoCentral\LerXML3040BancoCentral.csproj,File,LerXML3040BancoCentral\Form1.Designer.cs,88,12,T:System.Windows.Forms.AutoScaleMode,,,,,AutoScaleMode = AutoScaleMode.Font;
Api.0001,Binary incompatible for selected .NET version,Active,Mandatory,1,LerXML3040BancoCentral\LerXML3040BancoCentral.csproj,File,LerXML3040BancoCentral\Form1.Designer.cs,88,12,P:System.Windows.Forms.ContainerControl.AutoScaleMode,,,,,AutoScaleMode = AutoScaleMode.Font;
Api.0001,Binary incompatible for selected .NET version,Active,Mandatory,1,LerXML3040BancoCentral\LerXML3040BancoCentral.csproj,File,LerXML3040BancoCentral\Form1.Designer.cs,87,12,P:System.Windows.Forms.ContainerControl.AutoScaleDimensions,,,,,"AutoScaleDimensions = new SizeF(20F, 48F);"
Api.0001,Binary incompatible for selected .NET version,Active,Mandatory,1,LerXML3040BancoCentral\LerXML3040BancoCentral.csproj,File,LerXML3040BancoCentral\Form1.Designer.cs,83,12,T:System.Windows.Forms.CheckBox,,,,,checkBox1.UseVisualStyleBackColor = true;
Api.0001,Binary incompatible for selected .NET version,Active,Mandatory,1,LerXML3040BancoCentral\LerXML3040BancoCentral.csproj,File,LerXML3040BancoCentral\Form1.Designer.cs,83,12,P:System.Windows.Forms.ButtonBase.UseVisualStyleBackColor,,,,,checkBox1.UseVisualStyleBackColor = true;
Api.0001,Binary incompatible for selected .NET version,Active,Mandatory,1,LerXML3040BancoCentral\LerXML3040BancoCentral.csproj,File,LerXML3040BancoCentral\Form1.Designer.cs,82,12,T:System.Windows.Forms.CheckBox,,,,,"checkBox1.Text = ""Suprimir Alocação de estágio"";"
Api.0001,Binary incompatible for selected .NET version,Active,Mandatory,1,LerXML3040BancoCentral\LerXML3040BancoCentral.csproj,File,LerXML3040BancoCentral\Form1.Designer.cs,82,12,P:System.Windows.Forms.ButtonBase.Text,,,,,"checkBox1.Text = ""Suprimir Alocação de estágio"";"
Api.0001,Binary incompatible for selected .NET version,Active,Mandatory,1,LerXML3040BancoCentral\LerXML3040BancoCentral.csproj,File,LerXML3040BancoCentral\Form1.Designer.cs,81,12,T:System.Windows.Forms.CheckBox,,,,,checkBox1.TabIndex = 3;
Api.0001,Binary incompatible for selected .NET version,Active,Mandatory,1,LerXML3040BancoCentral\LerXML3040BancoCentral.csproj,File,LerXML3040BancoCentral\Form1.Designer.cs,81,12,P:System.Windows.Forms.Control.TabIndex,,,,,checkBox1.TabIndex = 3;
Api.0001,Binary incompatible for selected .NET version,Active,Mandatory,1,LerXML3040BancoCentral\LerXML3040BancoCentral.csproj,File,LerXML3040BancoCentral\Form1.Designer.cs,80,12,T:System.Windows.Forms.CheckBox,,,,,"checkBox1.Size = new Size(530, 52);"
Api.0001,Binary incompatible for selected .NET version,Active,Mandatory,1,LerXML3040BancoCentral\LerXML3040BancoCentral.csproj,File,LerXML3040BancoCentral\Form1.Designer.cs,80,12,P:System.Windows.Forms.Control.Size,,,,,"checkBox1.Size = new Size(530, 52);"
Api.0001,Binary incompatible for selected .NET version,Active,Mandatory,1,LerXML3040BancoCentral\LerXML3040BancoCentral.csproj,File,LerXML3040BancoCentral\Form1.Designer.cs,79,12,T:System.Windows.Forms.CheckBox,,,,,"checkBox1.Name = ""checkBox1"";"
Api.0001,Binary incompatible for selected .NET version,Active,Mandatory,1,LerXML3040BancoCentral\LerXML3040BancoCentral.csproj,File,LerXML3040BancoCentral\Form1.Designer.cs,79,12,P:System.Windows.Forms.Control.Name,,,,,"checkBox1.Name = ""checkBox1"";"
Api.0001,Binary incompatible for selected .NET version,Active,Mandatory,1,LerXML3040BancoCentral\LerXML3040BancoCentral.csproj,File,LerXML3040BancoCentral\Form1.Designer.cs,78,12,T:System.Windows.Forms.CheckBox,,,,,"checkBox1.Location = new Point(997, 78);"
Api.0001,Binary incompatible for selected .NET version,Active,Mandatory,1,LerXML3040BancoCentral\LerXML3040BancoCentral.csproj,File,LerXML3040BancoCentral\Form1.Designer.cs,78,12,P:System.Windows.Forms.Control.Location,,,,,"checkBox1.Location = new Point(997, 78);"
Api.0001,Binary incompatible for selected .NET version,Active,Mandatory,1,LerXML3040BancoCentral\LerXML3040BancoCentral.csproj,File,LerXML3040BancoCentral\Form1.Designer.cs,77,12,T:System.Windows.Forms.CheckState,,,,,checkBox1.CheckState = CheckState.Checked;
Api.0001,Binary incompatible for selected .NET version,Active,Mandatory,1,LerXML3040BancoCentral\LerXML3040BancoCentral.csproj,File,LerXML3040BancoCentral\Form1.Designer.cs,77,12,T:System.Windows.Forms.CheckState,,,,,checkBox1.CheckState = CheckState.Checked;
Api.0001,Binary incompatible for selected .NET version,Active,Mandatory,1,LerXML3040BancoCentral\LerXML3040BancoCentral.csproj,File,LerXML3040BancoCentral\Form1.Designer.cs,77,12,F:System.Windows.Forms.CheckState.Checked,,,,,checkBox1.CheckState = CheckState.Checked;
Api.0001,Binary incompatible for selected .NET version,Active,Mandatory,1,LerXML3040BancoCentral\LerXML3040BancoCentral.csproj,File,LerXML3040BancoCentral\Form1.Designer.cs,77,12,T:System.Windows.Forms.CheckBox,,,,,checkBox1.CheckState = CheckState.Checked;
Api.0001,Binary incompatible for selected .NET version,Active,Mandatory,1,LerXML3040BancoCentral\LerXML3040BancoCentral.csproj,File,LerXML3040BancoCentral\Form1.Designer.cs,77,12,T:System.Windows.Forms.CheckState,,,,,checkBox1.CheckState = CheckState.Checked;
Api.0001,Binary incompatible for selected .NET version,Active,Mandatory,1,LerXML3040BancoCentral\LerXML3040BancoCentral.csproj,File,LerXML3040BancoCentral\Form1.Designer.cs,77,12,P:System.Windows.Forms.CheckBox.CheckState,,,,,checkBox1.CheckState = CheckState.Checked;
Api.0001,Binary incompatible for selected .NET version,Active,Mandatory,1,LerXML3040BancoCentral\LerXML3040BancoCentral.csproj,File,LerXML3040BancoCentral\Form1.Designer.cs,76,12,T:System.Windows.Forms.CheckBox,,,,,checkBox1.Checked = true;
Api.0001,Binary incompatible for selected .NET version,Active,Mandatory,1,LerXML3040BancoCentral\LerXML3040BancoCentral.csproj,File,LerXML3040BancoCentral\Form1.Designer.cs,76,12,P:System.Windows.Forms.CheckBox.Checked,,,,,checkBox1.Checked = true;
Api.0001,Binary incompatible for selected .NET version,Active,Mandatory,1,LerXML3040BancoCentral\LerXML3040BancoCentral.csproj,File,LerXML3040BancoCentral\Form1.Designer.cs,75,12,T:System.Windows.Forms.CheckBox,,,,,checkBox1.AutoSize = true;
Api.0001,Binary incompatible for selected .NET version,Active,Mandatory,1,LerXML3040BancoCentral\LerXML3040BancoCentral.csproj,File,LerXML3040BancoCentral\Form1.Designer.cs,75,12,P:System.Windows.Forms.ButtonBase.AutoSize,,,,,checkBox1.AutoSize = true;
Api.0001,Binary incompatible for selected .NET version,Active,Mandatory,1,LerXML3040BancoCentral\LerXML3040BancoCentral.csproj,File,LerXML3040BancoCentral\Form1.Designer.cs,71,12,T:System.Windows.Forms.Button,,,,,button1.Click += button1_Click;
Api.0001,Binary incompatible for selected .NET version,Active,Mandatory,1,LerXML3040BancoCentral\LerXML3040BancoCentral.csproj,File,LerXML3040BancoCentral\Form1.Designer.cs,71,12,E:System.Windows.Forms.Control.Click,,,,,button1.Click += button1_Click;
Api.0001,Binary incompatible for selected .NET version,Active,Mandatory,1,LerXML3040BancoCentral\LerXML3040BancoCentral.csproj,File,LerXML3040BancoCentral\Form1.Designer.cs,70,12,T:System.Windows.Forms.Button,,,,,button1.UseVisualStyleBackColor = true;
Api.0001,Binary incompatible for selected .NET version,Active,Mandatory,1,LerXML3040BancoCentral\LerXML3040BancoCentral.csproj,File,LerXML3040BancoCentral\Form1.Designer.cs,70,12,P:System.Windows.Forms.ButtonBase.UseVisualStyleBackColor,,,,,button1.UseVisualStyleBackColor = true;
Api.0001,Binary incompatible for selected .NET version,Active,Mandatory,1,LerXML3040BancoCentral\LerXML3040BancoCentral.csproj,File,LerXML3040BancoCentral\Form1.Designer.cs,69,12,T:System.Windows.Forms.Button,,,,,"button1.Text = ""..."";"
Api.0001,Binary incompatible for selected .NET version,Active,Mandatory,1,LerXML3040BancoCentral\LerXML3040BancoCentral.csproj,File,LerXML3040BancoCentral\Form1.Designer.cs,69,12,P:System.Windows.Forms.ButtonBase.Text,,,,,"button1.Text = ""..."";"
Api.0001,Binary incompatible for selected .NET version,Active,Mandatory,1,LerXML3040BancoCentral\LerXML3040BancoCentral.csproj,File,LerXML3040BancoCentral\Form1.Designer.cs,68,12,T:System.Windows.Forms.Button,,,,,button1.TabIndex = 2;
Api.0001,Binary incompatible for selected .NET version,Active,Mandatory,1,LerXML3040BancoCentral\LerXML3040BancoCentral.csproj,File,LerXML3040BancoCentral\Form1.Designer.cs,68,12,P:System.Windows.Forms.Control.TabIndex,,,,,button1.TabIndex = 2;
Api.0001,Binary incompatible for selected .NET version,Active,Mandatory,1,LerXML3040BancoCentral\LerXML3040BancoCentral.csproj,File,LerXML3040BancoCentral\Form1.Designer.cs,67,12,T:System.Windows.Forms.Button,,,,,"button1.Size = new Size(104, 55);"
Api.0001,Binary incompatible for selected .NET version,Active,Mandatory,1,LerXML3040BancoCentral\LerXML3040BancoCentral.csproj,File,LerXML3040BancoCentral\Form1.Designer.cs,67,12,P:System.Windows.Forms.Control.Size,,,,,"button1.Size = new Size(104, 55);"
Api.0001,Binary incompatible for selected .NET version,Active,Mandatory,1,LerXML3040BancoCentral\LerXML3040BancoCentral.csproj,File,LerXML3040BancoCentral\Form1.Designer.cs,66,12,T:System.Windows.Forms.Button,,,,,"button1.Name = ""button1"";"
Api.0001,Binary incompatible for selected .NET version,Active,Mandatory,1,LerXML3040BancoCentral\LerXML3040BancoCentral.csproj,File,LerXML3040BancoCentral\Form1.Designer.cs,66,12,P:System.Windows.Forms.Control.Name,,,,,"button1.Name = ""button1"";"
Api.0001,Binary incompatible for selected .NET version,Active,Mandatory,1,LerXML3040BancoCentral\LerXML3040BancoCentral.csproj,File,LerXML3040BancoCentral\Form1.Designer.cs,65,12,T:System.Windows.Forms.Button,,,,,"button1.Location = new Point(869, 78);"
Api.0001,Binary incompatible for selected .NET version,Active,Mandatory,1,LerXML3040BancoCentral\LerXML3040BancoCentral.csproj,File,LerXML3040BancoCentral\Form1.Designer.cs,65,12,P:System.Windows.Forms.Control.Location,,,,,"button1.Location = new Point(869, 78);"
Api.0001,Binary incompatible for selected .NET version,Active,Mandatory,1,LerXML3040BancoCentral\LerXML3040BancoCentral.csproj,File,LerXML3040BancoCentral\Form1.Designer.cs,61,12,T:System.Windows.Forms.TextBox,,,,,textBox1.TabIndex = 1;
Api.0001,Binary incompatible for selected .NET version,Active,Mandatory,1,LerXML3040BancoCentral\LerXML3040BancoCentral.csproj,File,LerXML3040BancoCentral\Form1.Designer.cs,61,12,P:System.Windows.Forms.Control.TabIndex,,,,,textBox1.TabIndex = 1;
Api.0001,Binary incompatible for selected .NET version,Active,Mandatory,1,LerXML3040BancoCentral\LerXML3040BancoCentral.csproj,File,LerXML3040BancoCentral\Form1.Designer.cs,60,12,T:System.Windows.Forms.TextBox,,,,,"textBox1.Size = new Size(825, 55);"
Api.0001,Binary incompatible for selected .NET version,Active,Mandatory,1,LerXML3040BancoCentral\LerXML3040BancoCentral.csproj,File,LerXML3040BancoCentral\Form1.Designer.cs,60,12,P:System.Windows.Forms.Control.Size,,,,,"textBox1.Size = new Size(825, 55);"
Api.0001,Binary incompatible for selected .NET version,Active,Mandatory,1,LerXML3040BancoCentral\LerXML3040BancoCentral.csproj,File,LerXML3040BancoCentral\Form1.Designer.cs,59,12,T:System.Windows.Forms.TextBox,,,,,textBox1.ReadOnly = true;
Api.0001,Binary incompatible for selected .NET version,Active,Mandatory,1,LerXML3040BancoCentral\LerXML3040BancoCentral.csproj,File,LerXML3040BancoCentral\Form1.Designer.cs,59,12,P:System.Windows.Forms.TextBoxBase.ReadOnly,,,,,textBox1.ReadOnly = true;
Api.0001,Binary incompatible for selected .NET version,Active,Mandatory,1,LerXML3040BancoCentral\LerXML3040BancoCentral.csproj,File,LerXML3040BancoCentral\Form1.Designer.cs,58,12,T:System.Windows.Forms.TextBox,,,,,"textBox1.Name = ""textBox1"";"
Api.0001,Binary incompatible for selected .NET version,Active,Mandatory,1,LerXML3040BancoCentral\LerXML3040BancoCentral.csproj,File,LerXML3040BancoCentral\Form1.Designer.cs,58,12,P:System.Windows.Forms.Control.Name,,,,,"textBox1.Name = ""textBox1"";"
Api.0001,Binary incompatible for selected .NET version,Active,Mandatory,1,LerXML3040BancoCentral\LerXML3040BancoCentral.csproj,File,LerXML3040BancoCentral\Form1.Designer.cs,57,12,T:System.Windows.Forms.TextBox,,,,,"textBox1.Location = new Point(22, 78);"
Api.0001,Binary incompatible for selected .NET version,Active,Mandatory,1,LerXML3040BancoCentral\LerXML3040BancoCentral.csproj,File,LerXML3040BancoCentral\Form1.Designer.cs,57,12,P:System.Windows.Forms.Control.Location,,,,,"textBox1.Location = new Point(22, 78);"
Api.0001,Binary incompatible for selected .NET version,Active,Mandatory,1,LerXML3040BancoCentral\LerXML3040BancoCentral.csproj,File,LerXML3040BancoCentral\Form1.Designer.cs,53,12,T:System.Windows.Forms.OpenFileDialog,,,,,"openFileDialog2.FileName = ""openFileDialog2"";"
Api.0001,Binary incompatible for selected .NET version,Active,Mandatory,1,LerXML3040BancoCentral\LerXML3040BancoCentral.csproj,File,LerXML3040BancoCentral\Form1.Designer.cs,53,12,P:System.Windows.Forms.FileDialog.FileName,,,,,"openFileDialog2.FileName = ""openFileDialog2"";"
Api.0001,Binary incompatible for selected .NET version,Active,Mandatory,1,LerXML3040BancoCentral\LerXML3040BancoCentral.csproj,File,LerXML3040BancoCentral\Form1.Designer.cs,49,12,T:System.Windows.Forms.Label,,,,,"label1.Text = ""Diretório XML"";"
Api.0001,Binary incompatible for selected .NET version,Active,Mandatory,1,LerXML3040BancoCentral\LerXML3040BancoCentral.csproj,File,LerXML3040BancoCentral\Form1.Designer.cs,49,12,P:System.Windows.Forms.Label.Text,,,,,"label1.Text = ""Diretório XML"";"
Api.0001,Binary incompatible for selected .NET version,Active,Mandatory,1,LerXML3040BancoCentral\LerXML3040BancoCentral.csproj,File,LerXML3040BancoCentral\Form1.Designer.cs,48,12,T:System.Windows.Forms.Label,,,,,label1.TabIndex = 0;
Api.0001,Binary incompatible for selected .NET version,Active,Mandatory,1,LerXML3040BancoCentral\LerXML3040BancoCentral.csproj,File,LerXML3040BancoCentral\Form1.Designer.cs,48,12,P:System.Windows.Forms.Control.TabIndex,,,,,label1.TabIndex = 0;
Api.0001,Binary incompatible for selected .NET version,Active,Mandatory,1,LerXML3040BancoCentral\LerXML3040BancoCentral.csproj,File,LerXML3040BancoCentral\Form1.Designer.cs,47,12,T:System.Windows.Forms.Label,,,,,"label1.Size = new Size(242, 48);"
Api.0001,Binary incompatible for selected .NET version,Active,Mandatory,1,LerXML3040BancoCentral\LerXML3040BancoCentral.csproj,File,LerXML3040BancoCentral\Form1.Designer.cs,47,12,P:System.Windows.Forms.Control.Size,,,,,"label1.Size = new Size(242, 48);"
Api.0001,Binary incompatible for selected .NET version,Active,Mandatory,1,LerXML3040BancoCentral\LerXML3040BancoCentral.csproj,File,LerXML3040BancoCentral\Form1.Designer.cs,46,12,T:System.Windows.Forms.Label,,,,,"label1.Name = ""label1"";"
Api.0001,Binary incompatible for selected .NET version,Active,Mandatory,1,LerXML3040BancoCentral\LerXML3040BancoCentral.csproj,File,LerXML3040BancoCentral\Form1.Designer.cs,46,12,P:System.Windows.Forms.Control.Name,,,,,"label1.Name = ""label1"";"
Api.0001,Binary incompatible for selected .NET version,Active,Mandatory,1,LerXML3040BancoCentral\LerXML3040BancoCentral.csproj,File,LerXML3040BancoCentral\Form1.Designer.cs,45,12,T:System.Windows.Forms.Label,,,,,"label1.Location = new Point(22, 18);"
Api.0001,Binary incompatible for selected .NET version,Active,Mandatory,1,LerXML3040BancoCentral\LerXML3040BancoCentral.csproj,File,LerXML3040BancoCentral\Form1.Designer.cs,45,12,P:System.Windows.Forms.Control.Location,,,,,"label1.Location = new Point(22, 18);"
Api.0001,Binary incompatible for selected .NET version,Active,Mandatory,1,LerXML3040BancoCentral\LerXML3040BancoCentral.csproj,File,LerXML3040BancoCentral\Form1.Designer.cs,44,12,T:System.Windows.Forms.Label,,,,,label1.AutoSize = true;
Api.0001,Binary incompatible for selected .NET version,Active,Mandatory,1,LerXML3040BancoCentral\LerXML3040BancoCentral.csproj,File,LerXML3040BancoCentral\Form1.Designer.cs,44,12,P:System.Windows.Forms.Label.AutoSize,,,,,label1.AutoSize = true;
Api.0001,Binary incompatible for selected .NET version,Active,Mandatory,1,LerXML3040BancoCentral\LerXML3040BancoCentral.csproj,File,LerXML3040BancoCentral\Form1.Designer.cs,40,12,T:System.Windows.Forms.OpenFileDialog,,,,,"openFileDialog1.FileName = ""openFileDialog1"";"
Api.0001,Binary incompatible for selected .NET version,Active,Mandatory,1,LerXML3040BancoCentral\LerXML3040BancoCentral.csproj,File,LerXML3040BancoCentral\Form1.Designer.cs,40,12,P:System.Windows.Forms.FileDialog.FileName,,,,,"openFileDialog1.FileName = ""openFileDialog1"";"
Api.0001,Binary incompatible for selected .NET version,Active,Mandatory,1,LerXML3040BancoCentral\LerXML3040BancoCentral.csproj,File,LerXML3040BancoCentral\Form1.Designer.cs,36,12,M:System.Windows.Forms.Control.SuspendLayout,,,,,SuspendLayout();
Api.0001,Binary incompatible for selected .NET version,Active,Mandatory,1,LerXML3040BancoCentral\LerXML3040BancoCentral.csproj,File,LerXML3040BancoCentral\Form1.Designer.cs,35,12,T:System.Windows.Forms.CheckBox,,,,,checkBox1 = new CheckBox();
Api.0001,Binary incompatible for selected .NET version,Active,Mandatory,1,LerXML3040BancoCentral\LerXML3040BancoCentral.csproj,File,LerXML3040BancoCentral\Form1.Designer.cs,35,12,M:System.Windows.Forms.CheckBox.#ctor,,,,,checkBox1 = new CheckBox();
Api.0001,Binary incompatible for selected .NET version,Active,Mandatory,1,LerXML3040BancoCentral\LerXML3040BancoCentral.csproj,File,LerXML3040BancoCentral\Form1.Designer.cs,35,12,T:System.Windows.Forms.CheckBox,,,,,checkBox1 = new CheckBox();
Api.0001,Binary incompatible for selected .NET version,Active,Mandatory,1,LerXML3040BancoCentral\LerXML3040BancoCentral.csproj,File,LerXML3040BancoCentral\Form1.Designer.cs,34,12,T:System.Windows.Forms.Button,,,,,button1 = new Button();
Api.0001,Binary incompatible for selected .NET version,Active,Mandatory,1,LerXML3040BancoCentral\LerXML3040BancoCentral.csproj,File,LerXML3040BancoCentral\Form1.Designer.cs,34,12,M:System.Windows.Forms.Button.#ctor,,,,,button1 = new Button();
Api.0001,Binary incompatible for selected .NET version,Active,Mandatory,1,LerXML3040BancoCentral\LerXML3040BancoCentral.csproj,File,LerXML3040BancoCentral\Form1.Designer.cs,34,12,T:System.Windows.Forms.Button,,,,,button1 = new Button();
Api.0001,Binary incompatible for selected .NET version,Active,Mandatory,1,LerXML3040BancoCentral\LerXML3040BancoCentral.csproj,File,LerXML3040BancoCentral\Form1.Designer.cs,33,12,T:System.Windows.Forms.TextBox,,,,,textBox1 = new TextBox();
Api.0001,Binary incompatible for selected .NET version,Active,Mandatory,1,LerXML3040BancoCentral\LerXML3040BancoCentral.csproj,File,LerXML3040BancoCentral\Form1.Designer.cs,33,12,M:System.Windows.Forms.TextBox.#ctor,,,,,textBox1 = new TextBox();
Api.0001,Binary incompatible for selected .NET version,Active,Mandatory,1,LerXML3040BancoCentral\LerXML3040BancoCentral.csproj,File,LerXML3040BancoCentral\Form1.Designer.cs,33,12,T:System.Windows.Forms.TextBox,,,,,textBox1 = new TextBox();
Api.0001,Binary incompatible for selected .NET version,Active,Mandatory,1,LerXML3040BancoCentral\LerXML3040BancoCentral.csproj,File,LerXML3040BancoCentral\Form1.Designer.cs,32,12,T:System.Windows.Forms.OpenFileDialog,,,,,openFileDialog2 = new OpenFileDialog();
Api.0001,Binary incompatible for selected .NET version,Active,Mandatory,1,LerXML3040BancoCentral\LerXML3040BancoCentral.csproj,File,LerXML3040BancoCentral\Form1.Designer.cs,32,12,M:System.Windows.Forms.OpenFileDialog.#ctor,,,,,openFileDialog2 = new OpenFileDialog();
Api.0001,Binary incompatible for selected .NET version,Active,Mandatory,1,LerXML3040BancoCentral\LerXML3040BancoCentral.csproj,File,LerXML3040BancoCentral\Form1.Designer.cs,32,12,T:System.Windows.Forms.OpenFileDialog,,,,,openFileDialog2 = new OpenFileDialog();
Api.0001,Binary incompatible for selected .NET version,Active,Mandatory,1,LerXML3040BancoCentral\LerXML3040BancoCentral.csproj,File,LerXML3040BancoCentral\Form1.Designer.cs,31,12,T:System.Windows.Forms.Label,,,,,label1 = new Label();
Api.0001,Binary incompatible for selected .NET version,Active,Mandatory,1,LerXML3040BancoCentral\LerXML3040BancoCentral.csproj,File,LerXML3040BancoCentral\Form1.Designer.cs,31,12,M:System.Windows.Forms.Label.#ctor,,,,,label1 = new Label();
Api.0001,Binary incompatible for selected .NET version,Active,Mandatory,1,LerXML3040BancoCentral\LerXML3040BancoCentral.csproj,File,LerXML3040BancoCentral\Form1.Designer.cs,31,12,T:System.Windows.Forms.Label,,,,,label1 = new Label();
Api.0001,Binary incompatible for selected .NET version,Active,Mandatory,1,LerXML3040BancoCentral\LerXML3040BancoCentral.csproj,File,LerXML3040BancoCentral\Form1.Designer.cs,30,12,T:System.Windows.Forms.OpenFileDialog,,,,,openFileDialog1 = new OpenFileDialog();
Api.0001,Binary incompatible for selected .NET version,Active,Mandatory,1,LerXML3040BancoCentral\LerXML3040BancoCentral.csproj,File,LerXML3040BancoCentral\Form1.Designer.cs,30,12,M:System.Windows.Forms.OpenFileDialog.#ctor,,,,,openFileDialog1 = new OpenFileDialog();
Api.0001,Binary incompatible for selected .NET version,Active,Mandatory,1,LerXML3040BancoCentral\LerXML3040BancoCentral.csproj,File,LerXML3040BancoCentral\Form1.Designer.cs,30,12,T:System.Windows.Forms.OpenFileDialog,,,,,openFileDialog1 = new OpenFileDialog();
Api.0001,Binary incompatible for selected .NET version,Active,Mandatory,1,LerXML3040BancoCentral\LerXML3040BancoCentral.csproj,File,LerXML3040BancoCentral\Form1.Designer.cs,19,12,M:System.Windows.Forms.Form.Dispose(System.Boolean),,,,,base.Dispose(disposing);
Api.0003,Behavioral change in selected .NET version,Active,Potential,1,LerXML3040BancoCentral\LerXML3040BancoCentral.csproj,File,LerXML3040BancoCentral\Form1.cs,293,16,T:System.Xml.Serialization.XmlSerializer,,,,,XmlSerializer serializer = new XmlSerializer(typeof(Doc3040));
Api.0001,Binary incompatible for selected .NET version,Active,Mandatory,1,LerXML3040BancoCentral\LerXML3040BancoCentral.csproj,File,LerXML3040BancoCentral\Form1.cs,279,20,T:System.Windows.Forms.MessageBox,,,,,"MessageBox.Show(""Erro cliente:"" + cliente.Cd);"
Api.0001,Binary incompatible for selected .NET version,Active,Mandatory,1,LerXML3040BancoCentral\LerXML3040BancoCentral.csproj,File,LerXML3040BancoCentral\Form1.cs,279,20,T:System.Windows.Forms.DialogResult,,,,,"MessageBox.Show(""Erro cliente:"" + cliente.Cd);"
Api.0001,Binary incompatible for selected .NET version,Active,Mandatory,1,LerXML3040BancoCentral\LerXML3040BancoCentral.csproj,File,LerXML3040BancoCentral\Form1.cs,279,20,M:System.Windows.Forms.MessageBox.Show(System.String),,,,,"MessageBox.Show(""Erro cliente:"" + cliente.Cd);"
Api.0001,Binary incompatible for selected .NET version,Active,Mandatory,1,LerXML3040BancoCentral\LerXML3040BancoCentral.csproj,File,LerXML3040BancoCentral\Form1.cs,200,20,T:System.Windows.Forms.MessageBox,,,,,"MessageBox.Show(""Erro cliente:"" + cliente.Cd + ex.Message.ToString());"
Api.0001,Binary incompatible for selected .NET version,Active,Mandatory,1,LerXML3040BancoCentral\LerXML3040BancoCentral.csproj,File,LerXML3040BancoCentral\Form1.cs,200,20,T:System.Windows.Forms.DialogResult,,,,,"MessageBox.Show(""Erro cliente:"" + cliente.Cd + ex.Message.ToString());"
Api.0001,Binary incompatible for selected .NET version,Active,Mandatory,1,LerXML3040BancoCentral\LerXML3040BancoCentral.csproj,File,LerXML3040BancoCentral\Form1.cs,200,20,M:System.Windows.Forms.MessageBox.Show(System.String),,,,,"MessageBox.Show(""Erro cliente:"" + cliente.Cd + ex.Message.ToString());"
Api.0001,Binary incompatible for selected .NET version,Active,Mandatory,1,LerXML3040BancoCentral\LerXML3040BancoCentral.csproj,File,LerXML3040BancoCentral\Form1.cs,172,24,T:System.Windows.Forms.CheckBox,,,,,if (checkBox1.Checked)                              cliente.operacoes = Tratamento.suprimirMotivoAlocacaoEstagio(cliente.operacoes);                          else                              cliente.operacoes = Tratamento.tratarMotivoAlocacaoEstagio(cliente.operacoes);
Api.0001,Binary incompatible for selected .NET version,Active,Mandatory,1,LerXML3040BancoCentral\LerXML3040BancoCentral.csproj,File,LerXML3040BancoCentral\Form1.cs,172,24,P:System.Windows.Forms.CheckBox.Checked,,,,,if (checkBox1.Checked)                              cliente.operacoes = Tratamento.suprimirMotivoAlocacaoEstagio(cliente.operacoes);                          else                              cliente.operacoes = Tratamento.tratarMotivoAlocacaoEstagio(cliente.operacoes);
Api.0001,Binary incompatible for selected .NET version,Active,Mandatory,1,LerXML3040BancoCentral\LerXML3040BancoCentral.csproj,File,LerXML3040BancoCentral\Form1.cs,90,16,T:System.Windows.Forms.MessageBox,,,,,"MessageBox.Show(""Processo finalizado com sucesso"");"
Api.0001,Binary incompatible for selected .NET version,Active,Mandatory,1,LerXML3040BancoCentral\LerXML3040BancoCentral.csproj,File,LerXML3040BancoCentral\Form1.cs,90,16,T:System.Windows.Forms.DialogResult,,,,,"MessageBox.Show(""Processo finalizado com sucesso"");"
Api.0001,Binary incompatible for selected .NET version,Active,Mandatory,1,LerXML3040BancoCentral\LerXML3040BancoCentral.csproj,File,LerXML3040BancoCentral\Form1.cs,90,16,M:System.Windows.Forms.MessageBox.Show(System.String),,,,,"MessageBox.Show(""Processo finalizado com sucesso"");"
Api.0003,Behavioral change in selected .NET version,Active,Potential,1,LerXML3040BancoCentral\LerXML3040BancoCentral.csproj,File,LerXML3040BancoCentral\Form1.cs,78,16,T:System.Xml.Serialization.XmlSerializer,,,,,XmlSerializer serializer = new XmlSerializer(typeof(Doc3040));
Api.0002,Source incompatible for selected .NET version,Active,Potential,1,LerXML3040BancoCentral\LerXML3040BancoCentral.csproj,File,LerXML3040BancoCentral\Form1.cs,72,16,M:System.String.Concat(System.ReadOnlySpan{System.String}),,,,,"infoLog = String.Concat(""Login - "", Environment.UserName, Environment.NewLine,                                              ""Rotina - B9 Arquivo -> Tratamento xml - "", path, Environment.NewLine,                                              ""Data/Hora - "", DateTime.Now.ToString(""dd/MM/yyyy HH:mm:ss"")                                          );"
Api.0001,Binary incompatible for selected .NET version,Active,Mandatory,1,LerXML3040BancoCentral\LerXML3040BancoCentral.csproj,File,LerXML3040BancoCentral\Form1.cs,68,12,T:System.Windows.Forms.OpenFileDialog,,,,,"string path = openFileDialog1.FileName.Replace(""openFileDialog1"", """");"
Api.0001,Binary incompatible for selected .NET version,Active,Mandatory,1,LerXML3040BancoCentral\LerXML3040BancoCentral.csproj,File,LerXML3040BancoCentral\Form1.cs,68,12,P:System.Windows.Forms.FileDialog.FileName,,,,,"string path = openFileDialog1.FileName.Replace(""openFileDialog1"", """");"
Api.0001,Binary incompatible for selected .NET version,Active,Mandatory,1,LerXML3040BancoCentral\LerXML3040BancoCentral.csproj,File,LerXML3040BancoCentral\Form1.cs,67,12,T:System.Windows.Forms.OpenFileDialog,,,,,openFileDialog1.ShowDialog();
Api.0001,Binary incompatible for selected .NET version,Active,Mandatory,1,LerXML3040BancoCentral\LerXML3040BancoCentral.csproj,File,LerXML3040BancoCentral\Form1.cs,67,12,T:System.Windows.Forms.DialogResult,,,,,openFileDialog1.ShowDialog();
Api.0001,Binary incompatible for selected .NET version,Active,Mandatory,1,LerXML3040BancoCentral\LerXML3040BancoCentral.csproj,File,LerXML3040BancoCentral\Form1.cs,67,12,M:System.Windows.Forms.CommonDialog.ShowDialog,,,,,openFileDialog1.ShowDialog();
Api.0003,Behavioral change in selected .NET version,Active,Potential,1,LerXML3040BancoCentral\LerXML3040BancoCentral.csproj,File,LerXML3040BancoCentral\Form1.cs,31,12,T:System.Xml.Serialization.XmlSerializer,,,,,XmlSerializer serializer = new XmlSerializer(typeof(Doc3040));
Api.0001,Binary incompatible for selected .NET version,Active,Mandatory,1,LerXML3040BancoCentral\LerXML3040BancoCentral.csproj,File,LerXML3040BancoCentral\Form1.cs,21,12,T:System.Windows.Forms.Cursors,,,,,this.Cursor = Cursors.Default;
Api.0001,Binary incompatible for selected .NET version,Active,Mandatory,1,LerXML3040BancoCentral\LerXML3040BancoCentral.csproj,File,LerXML3040BancoCentral\Form1.cs,21,12,T:System.Windows.Forms.Cursor,,,,,this.Cursor = Cursors.Default;
Api.0001,Binary incompatible for selected .NET version,Active,Mandatory,1,LerXML3040BancoCentral\LerXML3040BancoCentral.csproj,File,LerXML3040BancoCentral\Form1.cs,21,12,P:System.Windows.Forms.Cursors.Default,,,,,this.Cursor = Cursors.Default;
Api.0001,Binary incompatible for selected .NET version,Active,Mandatory,1,LerXML3040BancoCentral\LerXML3040BancoCentral.csproj,File,LerXML3040BancoCentral\Form1.cs,21,12,T:System.Windows.Forms.Cursor,,,,,this.Cursor = Cursors.Default;
Api.0001,Binary incompatible for selected .NET version,Active,Mandatory,1,LerXML3040BancoCentral\LerXML3040BancoCentral.csproj,File,LerXML3040BancoCentral\Form1.cs,21,12,P:System.Windows.Forms.Control.Cursor,,,,,this.Cursor = Cursors.Default;
Api.0001,Binary incompatible for selected .NET version,Active,Mandatory,1,LerXML3040BancoCentral\LerXML3040BancoCentral.csproj,File,LerXML3040BancoCentral\Form1.cs,18,12,T:System.Windows.Forms.Cursors,,,,,this.Cursor = Cursors.WaitCursor;
Api.0001,Binary incompatible for selected .NET version,Active,Mandatory,1,LerXML3040BancoCentral\LerXML3040BancoCentral.csproj,File,LerXML3040BancoCentral\Form1.cs,18,12,T:System.Windows.Forms.Cursor,,,,,this.Cursor = Cursors.WaitCursor;
Api.0001,Binary incompatible for selected .NET version,Active,Mandatory,1,LerXML3040BancoCentral\LerXML3040BancoCentral.csproj,File,LerXML3040BancoCentral\Form1.cs,18,12,P:System.Windows.Forms.Cursors.WaitCursor,,,,,this.Cursor = Cursors.WaitCursor;
Api.0001,Binary incompatible for selected .NET version,Active,Mandatory,1,LerXML3040BancoCentral\LerXML3040BancoCentral.csproj,File,LerXML3040BancoCentral\Form1.cs,18,12,T:System.Windows.Forms.Cursor,,,,,this.Cursor = Cursors.WaitCursor;
Api.0001,Binary incompatible for selected .NET version,Active,Mandatory,1,LerXML3040BancoCentral\LerXML3040BancoCentral.csproj,File,LerXML3040BancoCentral\Form1.cs,18,12,P:System.Windows.Forms.Control.Cursor,,,,,this.Cursor = Cursors.WaitCursor;
Api.0001,Binary incompatible for selected .NET version,Active,Mandatory,1,LerXML3040BancoCentral\LerXML3040BancoCentral.csproj,File,LerXML3040BancoCentral\Form1.cs,11,8,M:System.Windows.Forms.Form.#ctor,,,,,public Form1()          {              InitializeComponent();          }
Api.0001,Binary incompatible for selected .NET version,Active,Mandatory,1,LerXML3040BancoCentral\LerXML3040BancoCentral.csproj,File,LerXML3040BancoCentral\Form1.cs,11,8,M:System.Windows.Forms.Form.#ctor,,,,,public Form1()          {              InitializeComponent();          }
Api.0001,Binary incompatible for selected .NET version,Active,Mandatory,1,LerXML3040BancoCentral\LerXML3040BancoCentral.csproj,File,LerXML3040BancoCentral\Form1.cs,8,33,T:System.Windows.Forms.Form,,,,,Form
Project.0002,Project's target framework(s) needs to be changed,Active,Mandatory,1,Read3040Bacen\Read3040Bacen.csproj,File,Read3040Bacen\Read3040Bacen.csproj,,,,,,,,Current target framework: net9.0 Recommended target framework: net10.0
Api.0002,Source incompatible for selected .NET version,Active,Potential,1,Read3040Bacen\Read3040Bacen.csproj,File,Read3040Bacen\Tratamento.cs,806,20,M:System.String.Concat(System.ReadOnlySpan{System.String}),,,,,"op.IPOC = String.Concat(cnpjEmpresa, op.Mod, cliente.Tp, cliente.Cd, op.Contrt);"
